{"cameraMode":{"drawMode":0,"name":"Shaded","section":"Shading Mode"},"sceneLighting":false,"audioPlay":false,"sceneViewState":{"showFog":true,"showMaterialUpdate":false,"showSkybox":false,"showFlares":true,"showImageEffects":true,"showParticleSystems":true},"in2DMode":false,"pivot":{"x":293.3716125488281,"y":253.5866241455078,"z":-223.68161010742188},"rotation":{"x":-0.03231768310070038,"y":0.9676832556724548,"z":-0.1763983517885208,"w":-0.17728859186172486},"size":24.382822036743165,"orthographic":false}