{"cameraMode":{"drawMode":0,"name":"Shaded","section":"Shading Mode"},"sceneLighting":true,"audioPlay":false,"sceneViewState":{"showFog":true,"showMaterialUpdate":false,"showSkybox":false,"showFlares":true,"showImageEffects":true,"showParticleSystems":true},"in2DMode":false,"pivot":{"x":276.37994384765627,"y":266.9821472167969,"z":-216.77682495117188},"rotation":{"x":-0.2403617650270462,"y":-0.5444814562797546,"z":0.1664705127477646,"w":-0.7861834168434143},"size":2.368662118911743,"orthographic":false}