{"cameraMode":{"drawMode":0,"name":"Shaded","section":"Shading Mode"},"sceneLighting":false,"audioPlay":false,"sceneViewState":{"showFog":true,"showMaterialUpdate":false,"showSkybox":false,"showFlares":true,"showImageEffects":true,"showParticleSystems":true},"in2DMode":false,"pivot":{"x":299.4008483886719,"y":251.55999755859376,"z":-209.35000610351563},"rotation":{"x":0.09328532963991165,"y":0.7875558137893677,"z":-0.12314571440219879,"w":0.5965752005577087},"size":49.62049865722656,"orthographic":false}