{"cameraMode":{"drawMode":0,"name":"Shaded","section":"Shading Mode"},"sceneLighting":false,"audioPlay":false,"sceneViewState":{"showFog":true,"showMaterialUpdate":false,"showSkybox":false,"showFlares":true,"showImageEffects":true,"showParticleSystems":true},"in2DMode":false,"pivot":{"x":-5.328257083892822,"y":3.106780767440796,"z":10.159456253051758},"rotation":{"x":-0.06345012784004212,"y":-0.40869149565696719,"z":0.028492728248238565,"w":-0.9100303053855896},"size":7.69335412979126,"orthographic":false}