{"cameraMode":{"drawMode":0,"name":"Shaded","section":"Shading Mode"},"sceneLighting":true,"audioPlay":false,"sceneViewState":{"showFog":true,"showMaterialUpdate":false,"showSkybox":false,"showFlares":true,"showImageEffects":true,"showParticleSystems":true},"in2DMode":false,"pivot":{"x":378.6276550292969,"y":183.83995056152345,"z":34.57566833496094},"rotation":{"x":-0.16674934327602387,"y":-0.045554108917713168,"z":0.007713484577834606,"w":-0.9849315285682678},"size":161.3619384765625,"orthographic":false}