{"cameraMode":{"drawMode":0,"name":"Shaded","section":"Shading Mode"},"sceneLighting":true,"audioPlay":false,"sceneViewState":{"showFog":true,"showMaterialUpdate":false,"showSkybox":false,"showFlares":true,"showImageEffects":true,"showParticleSystems":true},"in2DMode":false,"pivot":{"x":477.8381042480469,"y":59.503170013427737,"z":-532.2245483398438},"rotation":{"x":-0.06260822713375092,"y":-0.9373976588249207,"z":0.241963729262352,"w":-0.24254785478115083},"size":417.98858642578127,"orthographic":false}