{"cameraMode":{"drawMode":0,"name":"Shaded","section":"Shading Mode"},"sceneLighting":true,"audioPlay":false,"sceneViewState":{"showFog":true,"showMaterialUpdate":false,"showSkybox":false,"showFlares":true,"showImageEffects":true,"showParticleSystems":true},"in2DMode":false,"pivot":{"x":289.11175537109377,"y":261.56591796875,"z":-204.3544158935547},"rotation":{"x":0.09328532963991165,"y":0.7875558137893677,"z":-0.12314571440219879,"w":0.5965752005577087},"size":16.840009689331056,"orthographic":false}